City_ID,City,Lat,Lng,Max Temp,Humidity,Cloudiness,Wind Speed,Country,Date
0,atafu village,-8.5421,-172.5159,27.83,72,100,4.72,TK,1735827556
1,minas de marcona,-15.2119,-75.1103,18.65,72,99,4.33,PE,1735827558
2,borba,-4.3878,-59.5939,27.03,81,100,1.72,BR,1735827559
3,stanley,54.868,-1.6985,1.4,74,20,5.14,GB,1735827560
4,port elizabeth,-33.918,25.5701,25.16,57,0,4.63,ZA,1735827302
5,port-aux-francais,-49.35,70.2167,5.22,99,100,8.18,TF,1735827563
6,klyuchi,52.2667,79.1667,-5.73,86,100,7.86,RU,1735827564
7,codrington,-38.2667,141.9667,10.42,81,7,3.73,AU,1735827566
8,nova prata,-28.7839,-51.61,28.74,46,16,2.11,BR,1735827567
9,hermanus,-34.4187,19.2345,26.0,67,5,5.5,ZA,1735827568
10,bethel,41.3712,-73.414,3.9,64,64,4.02,US,1735827570
11,aykhal,66.0,111.5,-31.06,92,20,1.46,RU,1735827571
12,macusani,-14.0833,-70.4333,3.44,96,100,2.29,PE,1735827572
13,nar'yan-mar,67.6713,53.087,-8.73,94,100,4.78,RU,1735827574
14,edinburgh of the seven seas,-37.0676,-12.3116,14.97,71,100,6.19,SH,1735827575
15,yaren,-0.5472,166.916,27.11,79,93,3.23,NR,1735827576
16,illizi,26.4833,8.4667,19.02,18,0,6.59,DZ,1735827313
17,grytviken,-54.2811,-36.5092,8.06,53,17,0.61,GS,1735827579
18,tiksi,71.6872,128.8694,-29.15,98,100,5.24,RU,1735827580
19,constantia,44.1833,28.65,10.39,56,1,3.21,RO,1735827581
20,ad dilam,23.9915,47.1627,15.99,26,0,4.64,SA,1735827583
21,talnakh,69.4865,88.3972,-13.12,95,100,4.47,RU,1735827584
22,ushuaia,-54.8,-68.3,10.81,71,75,9.26,AR,1735827585
23,albany,42.6001,-73.9662,1.99,64,86,2.24,US,1735827587
24,adamstown,-25.066,-130.1015,24.02,77,100,3.06,PN,1735827588
25,puerto natales,-51.7236,-72.4875,15.25,47,40,8.23,CL,1735827589
26,lamu,-2.2717,40.902,27.38,74,8,7.91,KE,1735827591
27,hamilton,39.1834,-84.5333,0.5,79,40,3.6,US,1735827592
28,ribeira brava,32.65,-17.0667,20.35,69,100,3.16,PT,1735827593
29,kone,-21.0595,164.8658,24.15,73,49,2.05,NC,1735827595
30,carnarvon,-24.8667,113.6333,25.45,83,0,8.82,AU,1735827596
31,st. john's,47.5649,-52.7093,6.1,96,100,12.35,CA,1735827597
32,jamestown,42.097,-79.2353,-2.77,95,100,5.66,US,1735827599
33,bardai,11.65,7.2333,32.4,10,86,5.58,NG,1735827600
34,djougou,9.7085,1.666,35.94,12,75,2.13,BJ,1735827601
35,xining,36.6167,101.7667,-10.52,71,4,0.57,CN,1735827603
36,bikenibeu village,1.3673,173.1241,27.98,83,75,3.6,KI,1735827604
37,murzuq,25.9155,13.9184,23.01,15,93,6.36,LY,1735827447
38,maintirano,-18.0667,44.0167,30.1,67,97,3.4,MG,1735827607
39,kargopol',61.5071,38.9456,-6.95,91,100,4.94,RU,1735827608
40,chernyshkovskiy,48.4219,42.2308,7.27,71,33,9.61,RU,1735827609
41,sibiti,-3.6819,13.3499,27.91,67,88,1.59,CG,1735827611
42,lukolela,-1.0605,17.1821,32.86,30,73,1.36,CD,1735827612
43,tommot,58.9564,126.2925,-40.49,100,100,0.3,RU,1735827357
44,vilyuchinsk,52.9306,158.4028,-3.85,68,100,4.26,RU,1735827616
45,kodiak,57.79,-152.4072,3.73,93,100,3.6,US,1735827617
46,olonkinbyen,70.9221,-8.7187,-10.12,74,100,14.63,SJ,1735827618
47,fort st. john,56.2499,-120.8529,-34.76,100,100,0.83,CA,1735827620
48,tura,25.5198,90.2201,14.86,75,0,1.68,IN,1735827621
49,waitangi,-43.9535,-176.5597,13.79,97,99,5.58,NZ,1735827622
50,zamora,-4.0692,-78.9567,21.06,97,100,0.19,EC,1735827624
51,tyumentsevo,53.3224,81.498,-4.56,91,100,8.87,RU,1735827625
52,laojunmiao,39.8333,97.7333,-4.26,47,99,1.53,CN,1735827626
53,ta`u,-14.2336,-169.5144,28.46,72,89,1.64,AS,1735827465
54,vrangel',42.7297,133.0839,-6.72,54,0,2.98,RU,1735827630
55,umm kaddadah,13.6017,26.6876,26.5,11,64,8.52,SD,1735827632
56,kindu,-2.95,25.95,27.9,64,100,0.76,CD,1735827634
57,port mathurin,-19.6833,63.4167,26.03,69,1,6.43,MU,1735827636
58,borrazopolis,-23.9411,-51.5875,30.37,51,27,2.0,BR,1735827637
59,port lincoln,-34.7333,135.8667,17.63,67,0,6.33,AU,1735827638
60,utrik,11.2278,169.8474,27.07,78,82,7.7,MH,1735827640
61,thompson,55.7435,-97.8558,-22.91,84,100,2.06,CA,1735827641
62,qaqortoq,60.7167,-46.0333,-1.65,97,100,4.29,GL,1735827642
63,misawa,40.6836,141.3597,-3.02,93,100,2.06,JP,1735827644
64,alice springs,-23.7,133.8833,24.75,18,0,0.0,AU,1735827645
65,margaret river,-33.95,115.0667,16.57,87,100,5.61,AU,1735827646
66,new norfolk,-42.7826,147.0587,11.51,88,25,1.06,AU,1735827647
67,geraldton,-28.7667,114.6,23.23,78,0,6.17,AU,1735827649
68,lompoc,34.6391,-120.4579,6.4,96,0,3.09,US,1735827650
69,saipan,15.1355,145.701,26.47,88,40,4.92,MP,1735827651
70,hinis,39.3606,41.7022,-11.1,77,3,2.11,TR,1735827653
71,bathsheba,13.2167,-59.5167,29.34,65,20,10.8,BB,1735827654
72,dakhla,23.6848,-15.958,23.01,23,0,5.14,EH,1735827655
73,holualoa,19.6228,-155.9522,19.35,81,30,2.54,US,1735827657
74,touros,-5.1989,-35.4608,30.74,59,19,6.34,BR,1735827658
75,khash,28.2211,61.2158,5.93,75,100,5.06,IR,1735827659
76,magangue,9.242,-74.7547,26.59,82,100,1.76,CO,1735827661
77,plouzane,48.3833,-4.6167,9.1,85,75,2.06,FR,1735827662
78,nemuro,43.3236,145.575,-4.64,74,85,3.72,JP,1735827663
79,oriximina,-1.7656,-55.8661,31.55,54,90,1.76,BR,1735827665
80,cidade velha,14.9167,-23.6167,27.26,50,20,8.23,CV,1735827666
81,karratha,-20.7377,116.8463,30.97,63,74,1.51,AU,1735827667
82,saint-philippe,-21.3585,55.7679,26.32,77,91,3.98,RE,1735827668
83,longyearbyen,78.2186,15.6401,-5.09,58,40,6.69,SJ,1735827670
84,blackmans bay,-43.0167,147.3167,11.07,86,49,0.45,AU,1735827671
85,bilibino,68.0546,166.4372,-17.08,94,100,1.38,RU,1735827672
86,flying fish cove,-10.4217,105.6791,25.82,88,75,2.57,CX,1735827674
87,college,64.8569,-147.8028,-33.84,70,0,0.0,US,1735827675
88,invercargill,-46.4,168.35,11.68,96,100,1.42,NZ,1735827676
89,pelabuhanratu,-6.9875,106.5514,26.46,85,100,1.35,ID,1735827678
90,ribas do rio pardo,-20.4431,-53.7592,34.32,36,11,3.0,BR,1735827680
91,labrador city,52.9463,-66.9114,-1.57,99,100,8.49,CA,1735827682
92,wailua homesteads,22.0669,-159.378,23.44,96,100,6.17,US,1735827683
93,ambovombe,-25.1667,46.0833,29.16,59,69,5.0,MG,1735827684
94,kalabo,-14.97,22.6814,22.68,76,95,5.48,ZM,1735827686
95,luanda,-8.8368,13.2343,30.0,62,75,2.57,AO,1735827359
96,spring creek,40.7266,-115.5859,3.23,78,100,3.02,US,1735827688
97,constitucion,-35.3333,-72.4167,21.81,40,0,3.43,CL,1735827690
98,marsabit,2.3284,37.9899,27.32,30,19,6.53,KE,1735827691
99,iqaluit,63.7506,-68.5145,-3.15,80,75,5.66,CA,1735827692
100,rongelap,11.1635,166.8941,27.03,73,42,6.74,MH,1735827694
101,badger,64.8,-147.5333,-33.86,73,0,0.0,US,1735827695
102,island harbour,50.724,-1.2758,5.52,82,5,3.13,GB,1735827696
103,udachny,66.4167,112.4,-38.35,100,45,1.63,RU,1735827698
104,ancud,-41.8697,-73.8203,14.49,60,12,2.38,CL,1735827699
105,barguzin,53.6167,109.6167,-16.56,98,93,0.81,RU,1735827700
106,port blair,11.6667,92.75,27.02,78,20,1.03,IN,1735827702
107,cove,7.221,2.3402,37.85,24,56,1.94,BJ,1735827703
108,papatowai,-46.5619,169.4708,10.5,95,100,2.82,NZ,1735827704
109,keminmaa,65.8596,24.8228,-17.13,92,0,2.57,FI,1735827706
110,maevatanana,-13.8831,48.5289,28.46,82,40,0.67,MG,1735827707
111,ilulissat,69.2167,-51.1,-0.99,93,100,5.66,GL,1735827708
112,san patricio,28.017,-97.5169,16.97,84,99,3.74,US,1735827710
113,lautoka,-17.6167,177.4667,24.92,100,100,2.06,FJ,1735827711
114,kununurra,-15.7667,128.7333,27.99,69,97,0.0,AU,1735827712
115,yellowknife,62.456,-114.3525,-35.25,75,0,2.06,CA,1735827714
116,aral,40.5156,81.2636,-4.81,64,100,1.28,CN,1735827715
117,souillac,-20.5167,57.5167,27.21,78,75,4.12,MU,1735827716
118,colonia,50.9333,6.95,4.69,88,100,3.6,DE,1735827601
119,georgetown,5.4112,100.3354,29.97,73,20,2.57,MY,1735827719
120,verkhnevilyuysk,63.4453,120.3167,-51.6,100,65,0.7,RU,1735827720
121,selfoss,63.9331,-20.9971,0.02,88,100,4.15,IS,1735827722
122,bintulu,3.1667,113.0333,24.23,94,20,2.06,MY,1735827723
123,vila velha,-20.3297,-40.2925,31.97,67,40,5.66,BR,1735827725
124,citra,34.7965,-96.3764,1.47,84,4,3.51,US,1735827726
125,anadyr,64.75,177.4833,-9.72,85,40,1.0,RU,1735827727
126,lebu,-37.6167,-73.65,16.16,63,0,8.05,CL,1735827728
127,dudinka,69.4058,86.1778,-11.2,88,100,8.44,RU,1735827556
128,niquelandia,-14.4739,-48.4597,20.45,97,100,1.59,BR,1735827731
129,siracusa,37.0881,15.2792,14.62,70,4,1.79,IT,1735827732
130,kamina,-8.7386,24.9906,23.06,80,100,1.85,CD,1735827734
131,kumeny,58.1089,49.9161,0.66,97,100,8.79,RU,1735827735
132,lihue,21.9789,-159.3672,23.77,78,100,6.17,US,1735827573
133,yonago,35.4333,133.3333,3.96,93,75,3.09,JP,1735827738
134,hawaiian paradise park,19.5933,-154.9731,19.94,79,47,2.62,US,1735827739
135,vorgashor,67.5833,63.95,-15.1,97,100,2.67,RU,1735827464
136,beyneu,45.3167,55.2,2.64,87,24,6.05,KZ,1735827743
137,pirallahi,40.4723,50.333,9.08,66,2,9.67,AZ,1735827744
138,funafuti,-8.5243,179.1942,27.0,89,75,1.03,TV,1735827576
139,port alfred,-33.5906,26.891,24.54,76,25,0.45,ZA,1735827747
140,palasa,18.7667,84.4167,19.07,75,100,1.73,IN,1735827748
141,puerto ayora,-0.7393,-90.3518,24.19,96,92,3.83,EC,1735827750
142,bani suwayf,29.0744,31.0979,20.69,22,0,3.78,EG,1735827751
143,mejit,10.2753,170.8646,27.36,74,43,7.76,MH,1735827752
144,havre,49.5833,0.3333,5.87,81,75,5.66,FR,1735827754
145,broken hill,-31.95,141.4333,21.34,17,0,4.66,AU,1735827755
146,djamaa,33.5339,5.9931,17.79,40,49,7.13,DZ,1735827756
147,xilin hot,43.9667,116.0333,-15.49,73,99,5.33,CN,1735827758
148,robore,-18.3333,-59.75,32.05,62,75,2.06,BO,1735827759
149,hadibu,12.65,54.0333,23.81,72,8,6.22,YE,1735827591
150,kokshetau,53.2775,69.3883,-11.53,86,100,6.09,KZ,1735827762
151,el nido,11.1858,119.3956,25.64,94,100,3.29,PH,1735827763
152,loningen,52.7333,7.7667,5.01,75,87,5.31,DE,1735827764
153,enewetak,11.3474,162.3373,27.65,70,20,7.65,MH,1735827765
154,tchibanga,-2.85,11.0333,26.97,84,96,1.23,GA,1735827767
155,anna regina,7.2644,-58.5077,26.81,88,76,3.1,GY,1735827768
156,vurnary,55.4904,46.9648,1.75,91,100,9.64,RU,1735827769
157,dublin,37.7021,-121.9358,9.06,81,0,0.0,US,1735827578
158,lata,40.1629,-8.3327,14.16,51,36,2.52,PT,1735827772
159,dahab,28.501,34.5134,20.89,28,0,4.48,EG,1735827773
160,roma,43.2128,-75.4557,0.38,93,100,3.6,US,1735827670
161,valley city,46.9233,-98.0032,-14.71,92,20,5.66,US,1735827776
162,coquimbo,-29.9533,-71.3436,17.85,82,100,4.63,CL,1735827777
163,mermoz boabab,14.7065,-17.4758,24.88,41,0,6.17,SN,1735827779
164,avarua,-21.2078,-159.775,25.03,83,95,2.57,CK,1735827780
165,itaituba,-4.2761,-55.9836,29.09,79,75,1.03,BR,1735827781
166,wotho,10.1657,166.0102,27.19,76,100,7.22,MH,1735827783
167,whitehorse,60.7161,-135.0538,-24.57,84,75,0.0,CA,1735827496
168,itoman,26.1247,127.6694,19.01,77,100,5.66,JP,1735827785
169,quellon,-43.1167,-73.6167,14.36,69,99,0.97,CL,1735827787
170,palmer,42.1584,-72.3287,3.07,50,75,11.83,US,1735827788
171,west island,-12.1568,96.8225,26.99,78,100,3.6,CC,1735827637
172,manay,7.215,126.5397,24.25,91,99,2.24,PH,1735827791
173,dalandzadgad,43.5708,104.425,-8.69,42,0,1.32,MN,1735827793
174,fort morgan,40.2503,-103.8,-3.64,100,75,0.0,US,1735827795
175,chulucanas,-5.0925,-80.1625,21.87,83,100,0.38,PE,1735827796
176,palpa,-14.5336,-75.1856,22.63,70,100,2.02,PE,1735827797
177,haiku-pauwela,20.9219,-156.3051,21.25,80,19,7.6,US,1735827799
178,obo,5.3998,26.4869,34.81,15,99,3.64,CF,1735827800
179,ust-nera,64.5667,143.2,-43.74,94,35,0.71,RU,1735827801
180,shubarkuduk,49.1447,56.4872,1.1,98,100,9.16,KZ,1735827803
181,motueka,-41.1333,173.0167,15.61,83,55,1.71,NZ,1735827804
182,yangambi,0.8102,24.4336,35.84,19,99,1.33,CD,1735827805
183,punta arenas,-53.15,-70.9167,13.06,47,20,9.77,CL,1735827807
184,tralee,52.2704,-9.7026,6.14,75,0,0.51,IE,1735827808
185,port hueneme,34.1478,-119.1951,15.26,76,0,2.06,US,1735827809
186,la passe,45.5549,-0.8967,10.78,93,100,9.3,FR,1735827811
187,merizo village,13.2658,144.6691,26.99,86,100,6.49,GU,1735827812
188,chetwayi,10.5333,76.05,27.68,57,100,7.21,IN,1735827813
189,salinopolis,-0.6136,-47.3561,28.74,70,32,4.9,BR,1735827815
190,tindouf,27.6711,-8.1474,17.25,27,0,2.57,DZ,1735827816
191,qarazhal,48.0078,70.7903,-10.44,96,96,3.68,KZ,1735827817
192,bredasdorp,-34.5322,20.0403,25.51,50,2,6.49,ZA,1735827819
193,navlya,52.8281,34.4989,5.62,57,100,6.48,RU,1735827820
194,ntoum,0.3833,9.7833,30.2,62,84,2.34,GA,1735827821
195,baardheere,2.3446,42.2764,37.34,18,10,6.7,SO,1735827822
196,petropavlovsk-kamchatsky,53.0452,158.6483,-4.67,42,75,5.0,RU,1735827824
197,torzhok,57.0436,34.9622,-1.12,97,100,2.17,RU,1735827825
198,inhambane,-23.865,35.3833,30.53,69,97,6.85,MZ,1735827826
199,qamdo,31.1667,97.2333,-3.79,21,89,1.31,CN,1735827828
200,natal,-5.795,-35.2094,32.36,58,40,9.26,BR,1735827829
201,morehead city,34.7229,-76.726,5.02,62,0,3.13,US,1735827830
202,hirara,24.8,125.2833,21.15,73,100,5.66,JP,1735827832
203,apucarana,-23.5508,-51.4608,27.59,59,41,3.1,BR,1735827833
204,homer,59.6425,-151.5483,1.54,86,100,4.92,US,1735827834
205,puerto escondido,15.85,-97.0667,22.46,78,75,2.57,MX,1735827836
206,hobyo,5.3505,48.5268,26.29,76,20,10.37,SO,1735827837
207,nishinoomote,30.7333,131.0,13.87,54,0,3.71,JP,1735827838
208,keflavik,64.0049,-22.5624,2.24,80,75,9.77,IS,1735827840
209,sitka,57.0531,-135.33,0.94,55,0,3.09,US,1735827841
210,sinabang,2.4803,96.3801,26.38,84,27,1.25,ID,1735827587
211,fale old settlement,-9.3852,-171.2468,27.84,75,100,4.4,TK,1735827844
212,grinnell,41.743,-92.7224,-3.01,93,100,4.12,US,1735827845
213,crane,31.3974,-102.3501,5.08,77,0,2.67,US,1735827846
214,pitimbu,-7.4706,-34.8086,29.44,60,3,5.24,BR,1735827848
215,kalmunai,7.4167,81.8167,25.35,76,100,3.74,LK,1735827849
216,colac,-38.3333,143.5833,7.55,94,11,1.97,AU,1735827850
217,pisco,-13.7,-76.2167,22.23,83,99,1.54,PE,1735827852
218,huarmey,-10.0681,-78.1522,22.34,78,96,2.68,PE,1735827853
219,crystal city,28.6775,-99.8281,14.06,54,100,0.0,US,1735827854
220,ribeira grande,38.5167,-28.7,19.32,94,75,11.18,PT,1735827856
221,coronel dorrego,-38.7187,-61.2873,20.01,45,56,9.19,AR,1735827857
222,portland,45.5234,-122.6762,7.49,95,100,4.12,US,1735827603
223,cambria,35.5641,-121.0808,10.03,80,99,1.79,US,1735827859
224,mohr,54.3528,9.7167,4.05,82,20,7.2,DE,1735827861
225,broome,42.2506,-75.833,0.39,91,100,5.14,US,1735827862
226,atherton,53.5237,-2.4935,3.19,75,0,2.57,GB,1735827863
227,zavety il'icha,49.0294,140.2494,-20.57,87,18,2.78,RU,1735827865
228,qionghu,28.843,112.3522,10.46,27,6,3.35,CN,1735827866
229,rajsamand,25.0667,73.8833,18.96,31,85,1.79,IN,1735827867
230,hasaki,35.7333,140.8333,10.57,64,100,6.44,JP,1735827869
231,puerto leguizamo,-0.1934,-74.7819,23.19,95,100,0.9,CO,1735827871
232,la mira,18.035,-102.3266,22.07,61,100,2.04,MX,1735827873
233,dong ha,16.8163,107.1003,19.4,89,100,1.95,VN,1735827874
234,dabeiba,7.0017,-76.2672,24.05,88,37,0.63,CO,1735827875
235,warora,20.2333,79.0,21.1,23,100,2.46,IN,1735827877
236,derzhavinsk,51.1,66.3167,-9.16,93,100,7.74,KZ,1735827878
237,kerikeri,-35.2268,173.9474,11.06,89,30,1.94,NZ,1735827879
238,nuuk,64.1835,-51.7216,0.34,100,100,20.58,GL,1735827881
239,iskateley,67.6803,53.1512,-8.74,94,100,4.83,RU,1735827882
240,richards bay,-28.783,32.0377,26.82,76,100,4.04,ZA,1735827885
241,forster,-32.1667,152.5167,19.65,97,100,3.97,AU,1735827886
242,prince rupert,54.3161,-130.3201,1.83,41,35,11.32,CA,1735827887
243,yuzhno-kurilsk,44.0306,145.8556,-4.86,65,38,3.69,RU,1735827889
244,shahrud,36.4182,54.9763,1.22,55,59,3.3,IR,1735827890
245,kodinsk,58.6881,99.1844,-26.76,100,76,1.52,RU,1735827891
246,trinidad,-14.8333,-64.9,28.99,74,75,5.14,BO,1735827893
247,saint-pierre,-21.3393,55.4781,27.82,65,75,8.75,RE,1735827622
248,ulanhot,46.0833,122.0833,-12.49,55,1,6.15,CN,1735827895
249,ixtapa,20.7,-105.2,20.68,94,75,0.0,MX,1735827896
250,isafjordur,66.0755,-23.124,-0.98,69,75,6.17,IS,1735827774
251,woolgoolga,-30.1106,153.2007,19.93,72,40,2.19,AU,1735827899
252,tingi,-11.3,35.0333,22.87,79,89,1.06,TZ,1735827900
253,beau vallon,-20.4189,57.6953,27.13,78,75,4.12,MU,1735827902
254,teluknaga,-6.0989,106.6381,28.43,74,20,2.57,ID,1735827903
255,bonthe,7.5264,-12.505,31.63,46,7,4.59,SL,1735827904
256,nanga eboko,4.6833,12.3667,37.06,10,100,0.79,CM,1735827906
257,vadso,70.0744,29.7487,-7.91,79,20,5.66,NO,1735827907
258,port douglas,-16.4833,145.4667,26.06,83,97,2.81,AU,1735827908
259,khandyga,62.6667,135.6,-46.53,99,45,0.05,RU,1735827910
260,susuman,62.7833,148.1667,-45.07,100,91,0.24,RU,1735827911
261,hampton bays,40.869,-72.5176,4.36,63,0,10.28,US,1735827912
262,posto fiscal rolim de moura,-13.0833,-62.2667,28.33,67,99,1.63,BR,1735827913
263,tanjung selor,2.8372,117.3642,23.79,97,96,1.13,ID,1735827915
264,luganville,-15.5333,167.1667,25.12,89,13,1.81,VU,1735827916
265,pauini,-7.7136,-66.9764,23.94,92,100,0.87,BR,1735827917
266,cherdyn',60.403,56.4787,-9.22,93,100,5.66,RU,1735827808
267,mount gambier,-37.8333,140.7667,9.82,83,6,3.01,AU,1735827920
268,vila franca do campo,37.7167,-25.4333,19.23,99,39,7.05,PT,1735827921
269,harfleur,49.5066,0.1983,6.53,81,75,5.66,FR,1735827923
270,rokupr,8.6717,-12.395,36.67,16,5,1.54,SL,1735827924
271,rakops,-21.0167,24.3333,30.33,43,100,5.68,BW,1735827925
272,sarioglan,39.0769,35.9667,3.37,49,0,1.29,TR,1735827927
273,abepura,-2.6333,140.5833,24.45,94,20,0.51,ID,1735827928
274,asubulaq,49.5583,83.0558,-5.4,92,100,2.54,KZ,1735827929
275,maceio,-9.6658,-35.7353,30.69,58,75,5.14,BR,1735827932
276,ibipeba,-11.6408,-42.0111,31.9,36,38,3.03,BR,1735827933
277,teknaf,20.8624,92.3058,19.45,77,0,3.88,BD,1735827935
278,bondo,3.8146,23.6866,36.32,13,79,2.32,CD,1735827936
279,usinsk,65.9939,57.5281,-8.37,88,100,7.83,RU,1735827641
280,okhotsk,59.3833,143.3,-28.58,74,51,5.37,RU,1735827939
281,jacmel,18.2342,-72.5347,25.94,63,5,0.68,HT,1735827940
282,lerwick,60.1545,-1.1494,1.31,61,100,10.26,GB,1735827941
283,tazovsky,67.4667,78.7,-10.38,94,100,6.54,RU,1735827532
284,al ghayzah,16.2079,52.176,24.63,53,0,3.79,YE,1735827945
285,san juan de miraflores,-12.1629,-76.9635,20.29,81,100,3.28,PE,1735827947
286,atbara,17.7022,33.9864,29.24,12,3,6.7,SD,1735827948
287,les sables-d'olonne,46.6667,-1.8333,7.47,88,100,3.21,FR,1735827949
288,cabedelo,-6.9811,-34.8339,32.37,61,51,5.93,BR,1735827951
289,hammerfest,70.6634,23.6821,-2.75,54,40,3.6,NO,1735827952
290,tadine,-21.55,167.8833,23.27,85,0,2.8,NC,1735827953
291,ceeldheer,3.8488,47.1806,28.06,66,13,10.44,SO,1735827954
292,twon-brass,4.3151,6.2418,29.49,70,84,6.65,NG,1735827956
293,mahibadhoo,3.7833,72.9667,25.99,88,100,9.17,MV,1735827957
294,chiredzi,-21.05,31.6667,30.16,54,84,4.46,ZW,1735827958
295,i-n-salah,27.1935,2.4607,17.64,30,0,4.11,DZ,1735827717
296,phichit,16.25,100.4167,24.44,70,8,1.42,TH,1735827961
297,kutum,14.2,24.6667,24.57,9,12,5.24,SD,1735827962
298,ilula,-7.6766,36.0366,22.45,81,95,1.43,TZ,1735827964
299,santa terezinha,-29.9002,-50.0904,25.53,71,7,2.0,BR,1735827965
300,chinde,26.8212,87.7095,14.69,72,0,2.3,NP,1735827966
301,harlingen,26.1906,-97.6961,19.39,100,100,4.12,US,1735827968
302,cole harbour,44.6724,-63.4751,4.96,92,100,7.72,CA,1735827969
303,guerrero negro,27.9769,-114.0611,13.77,70,100,1.34,MX,1735827970
304,ust'-ilimsk,58.0006,102.6619,-24.28,100,97,2.04,RU,1735827972
305,remire-montjoly,4.9167,-52.2667,30.02,74,40,6.69,GF,1735827973
306,fortaleza,-3.7227,-38.5247,31.07,62,40,8.75,BR,1735827699
307,champerico,14.3,-91.9167,25.07,75,100,1.35,GT,1735827975
308,arraial do cabo,-22.9661,-42.0278,28.98,61,0,7.72,BR,1735827977
309,najran,17.4924,44.1277,17.3,41,3,5.11,SA,1735827978
310,guiuan,11.0333,125.7247,27.6,85,100,4.39,PH,1735827981
311,shush,32.1942,48.2436,16.45,29,0,2.59,IR,1735827982
312,gisborne,-38.6533,178.0042,14.72,91,17,2.21,NZ,1735827983
313,kailua-kona,19.6406,-155.9956,21.42,82,38,2.91,US,1735827985
314,carutapera,-1.195,-46.02,29.62,68,53,4.12,BR,1735827986
315,luderitz,-26.6481,15.1594,25.14,54,7,12.79,NA,1735827988
316,swakopmund,-22.6833,14.5333,18.24,82,94,5.26,NA,1735827989
317,kristiansand,58.1467,7.9956,-0.64,73,0,2.57,NO,1735827896
318,bereznik,62.8551,42.7072,-5.78,96,100,3.12,RU,1735827992
319,atascadero,35.4894,-120.6707,11.72,64,97,3.45,US,1735827993
320,san luis de la loma,17.2706,-100.8939,23.63,69,30,1.9,MX,1735827994
321,sogndal,61.2283,7.1003,-2.79,86,75,6.17,NO,1735827996
322,muynoq,43.7683,59.0214,1.54,72,15,3.38,UZ,1735827997
323,baiti,13.745,-14.7482,32.03,13,0,5.06,SN,1735827998
324,sayan,-11.1361,-77.1933,23.2,68,100,2.49,PE,1735828000
325,chonchi,-42.6128,-73.8092,16.57,57,96,1.38,CL,1735828001
326,yarkovo,57.4028,67.0786,-12.89,95,59,3.5,RU,1735828002
327,beysehir,37.6773,31.7246,8.66,42,0,2.66,TR,1735828004
328,la libertad,-2.2333,-80.9,24.81,83,75,1.54,EC,1735828005
329,kingscliff,-28.2667,153.5667,21.89,78,20,2.57,AU,1735828006
330,tolanaro,-25.0319,46.9987,31.04,70,20,9.77,MG,1735828007
331,rovaniemi,66.5,25.7167,-17.33,85,100,0.51,FI,1735828009
332,gurupi,-11.7292,-49.0686,29.04,69,51,3.48,BR,1735828010
333,beylikova,39.6869,31.2056,6.34,56,0,3.24,TR,1735828012
334,ottawa,45.4112,-75.6981,-0.63,76,75,9.26,CA,1735828013
335,kikwit,-5.041,18.8162,30.7,53,100,1.43,CD,1735828014
336,sinah,36.809,43.0389,7.15,29,0,2.27,IQ,1735828016
337,al hazm,16.1641,44.7769,21.66,33,21,4.4,YE,1735828017
338,salinas,36.6777,-121.6555,10.05,70,0,0.0,US,1735828018
339,pundong,-7.9522,110.3486,24.67,90,100,1.64,ID,1735828019
340,hithadhoo,-0.6,73.0833,27.87,80,100,7.5,MV,1735828022
341,sumy,50.9216,34.8003,5.78,53,2,7.58,UA,1735827993
342,namibe,-15.1961,12.1522,23.9,73,66,5.32,AO,1735828025
343,birao,10.2849,22.7882,32.21,8,100,5.37,CF,1735828026
344,carsamba,41.1989,36.7219,14.86,36,0,2.06,TR,1735828027
345,reftinskiy,57.0901,61.6769,-10.74,89,84,3.81,RU,1735828029
346,nova sintra,14.8667,-24.7167,24.43,68,1,8.83,CV,1735828030
347,ilebo,-4.3167,20.5833,28.57,65,100,1.75,CD,1735828031
348,mudgee,-32.5943,149.5871,16.39,82,50,4.46,AU,1735828033
349,chernyanka,50.9409,37.8069,6.26,48,4,9.35,RU,1735827886
350,mount pearl,47.5166,-52.7813,5.41,97,100,12.35,CA,1735828035
351,garachico,28.7781,-17.7646,19.06,56,40,6.17,ES,1735828037
352,cape town,-33.9258,18.4232,24.93,62,0,9.77,ZA,1735827620
353,solnechnyy,50.7214,136.6319,-23.98,97,32,1.76,RU,1735828039
354,melfi,40.9965,15.6514,11.07,45,0,3.92,IT,1735827853
355,saldanha,-33.0117,17.9442,25.03,73,0,9.54,ZA,1735828042
356,city of balikpapan,-1.242,116.8942,25.97,89,20,2.06,ID,1735828043
357,marsh harbour,26.5412,-77.0636,21.1,62,57,6.11,BS,1735828045
358,sharan,54.8167,54.0,0.67,98,100,8.56,RU,1735828046
359,shubarshi,48.5872,57.1869,0.79,94,100,9.89,KZ,1735828047
360,baker city,44.7749,-117.8344,-1.16,86,100,0.0,US,1735828048
361,castillos,-34.1667,-53.8333,30.82,40,99,4.68,UY,1735828050
362,eleskirt,39.8033,42.6736,-11.35,74,3,1.98,TR,1735828053
363,pont rouge,48.8833,-72.0825,0.05,98,100,4.09,CA,1735828055
364,tazacorte,28.629,-17.9293,20.54,79,40,6.17,ES,1735827941
365,hassi messaoud,31.6804,6.0729,13.92,47,75,3.6,DZ,1735827819
366,mizhirah,16.8261,42.7333,28.91,61,0,6.17,SA,1735828059
367,angaur state,6.906,134.13,28.49,78,100,5.03,PW,1735828060
368,pariaman,-0.619,100.12,26.03,79,56,0.93,ID,1735828063
369,ryotsu-minato,38.0833,138.4333,1.29,92,100,3.26,JP,1735828064
370,daru,-9.0763,143.2092,24.62,84,98,3.0,PG,1735828066
371,sandnessjoen,66.0217,12.6316,-2.94,80,75,8.75,NO,1735828067
372,callao,-12.0667,-77.15,21.16,83,40,3.09,PE,1735828068
373,motygino,58.1831,94.7592,-25.1,99,100,1.27,RU,1735828069
374,flin flon,54.7682,-101.865,-25.09,84,100,2.06,CA,1735828071
375,egilsstadir,65.2653,-14.3948,-4.05,93,75,6.17,IS,1735828072
376,aasiaat,68.7098,-52.8699,-3.76,93,100,1.98,GL,1735828073
377,skeldon,5.8833,-57.1333,27.69,80,95,2.41,GY,1735828076
378,kingston,17.997,-76.7936,29.53,66,20,1.03,JM,1735828077
379,happy valley-goose bay,53.3168,-60.3315,4.17,81,100,5.66,CA,1735828079
380,olyokminsk,60.3736,120.4264,-44.9,100,70,0.33,RU,1735828080
381,vorkuta,67.5,64.0,-15.52,98,100,2.46,RU,1735828081
382,dancu,46.7592,28.2089,7.99,46,0,3.02,MD,1735828083
383,newman,37.3138,-121.0208,7.71,64,99,2.26,US,1735828084
384,santa maria,-29.6842,-53.8069,31.61,55,20,2.57,BR,1735828085
385,caleta de carquin,-11.0925,-77.6267,22.11,78,100,3.66,PE,1735828087
386,nurota,40.5614,65.6886,1.06,71,3,1.08,UZ,1735828088
387,naze,28.3667,129.4833,15.51,62,100,5.9,JP,1735828089
388,sao felix do xingu,-6.6447,-51.995,28.62,73,33,1.42,BR,1735828091
389,papao,-17.75,-149.55,24.82,83,100,4.71,PF,1735828092
390,thunder bay,48.4001,-89.3168,-12.01,72,75,3.09,CA,1735828093
391,tofol,5.3248,163.0078,28.13,79,87,6.45,FM,1735828094
392,kattivakkam,13.2167,80.3167,26.65,70,100,3.48,IN,1735828096
393,chui,-33.6971,-53.4616,30.27,46,69,4.03,UY,1735828097
394,valparaiso,-33.0393,-71.6273,23.04,56,75,3.09,CL,1735827856
395,ismailia,30.6043,32.2723,20.04,37,0,5.14,EG,1735828100
396,arkhara,49.4212,130.0842,-26.03,100,100,0.93,RU,1735828101
397,brisas de zicatela,15.8369,-97.0419,22.29,78,75,2.57,MX,1735828102
398,labytnangi,66.6572,66.4183,-22.7,100,98,0.33,RU,1735828104
399,aoulef,26.9667,1.0833,17.35,31,0,6.86,DZ,1735828105
400,velikiy ustyug,60.7644,46.3106,0.15,98,100,4.12,RU,1735828106
401,ola,59.5833,151.2833,-19.74,74,16,3.87,RU,1735827852
402,magadan,59.5667,150.8,-18.88,68,15,3.17,RU,1735828109
403,camana,-16.6228,-72.7111,21.84,77,99,3.53,PE,1735828110
404,katima mulilo,-17.5,24.2667,26.05,68,71,4.21,NA,1735828112
405,carauari,-4.8828,-66.8958,22.94,99,100,0.25,BR,1735828113
406,cockburn town,21.4612,-71.1419,24.59,77,6,7.74,TC,1735828114
407,kendari,-3.945,122.4989,24.92,88,100,1.0,ID,1735828117
408,dazhou,31.2159,107.5009,9.41,77,45,1.38,CN,1735828118
409,sao vicente,-23.9631,-46.3919,29.98,62,20,4.63,BR,1735828120
410,howard springs,-12.497,131.047,26.95,84,100,0.95,AU,1735828122
411,punta del este,-34.9667,-54.95,29.06,86,20,8.23,UY,1735828124
412,cradock,-32.1642,25.6192,32.05,34,0,9.65,ZA,1735827983
413,nova xavantina,-14.6667,-52.35,27.15,77,83,2.15,BR,1735828126
414,mahikeng,-25.8652,25.6442,27.99,51,97,2.06,ZA,1735828127
415,olinda,-8.0089,-34.8553,30.85,62,40,6.69,BR,1735828015
416,fort bragg,35.139,-79.006,3.84,59,0,4.47,US,1735828131
417,krasnokamensk,50.0979,118.0369,-25.67,100,8,1.94,RU,1735827833
418,mount isa,-20.7333,139.5,25.87,57,96,3.6,AU,1735828134
419,saint-joseph,-21.3667,55.6167,27.21,77,82,3.87,RE,1735828059
420,calvinia,-31.4707,19.776,32.82,10,0,7.37,ZA,1735828137
421,nanning,22.8167,108.3167,15.25,42,0,2.73,CN,1735828138
422,tobruk,32.0836,23.9764,17.28,44,97,2.66,LY,1735828141
423,kargasok,59.0556,80.8572,-7.17,93,100,4.22,RU,1735828142
424,at taj,24.2049,23.2857,20.88,15,6,2.79,LY,1735828144
425,amungan,15.3652,119.9582,26.4,82,48,2.45,PH,1735828146
426,paita,-5.0892,-81.1144,20.74,85,100,3.82,PE,1735828147
427,kushiro,42.975,144.3747,-7.47,86,89,1.54,JP,1735828148
428,campo gallo,-26.5833,-62.85,25.04,69,99,0.77,AR,1735828150
429,pemangkat,1.1667,108.9667,26.84,83,100,2.73,ID,1735828151
430,donggongon,5.907,116.1015,27.96,89,20,1.54,MY,1735828152
431,lobujya,27.95,86.8167,-10.78,11,0,5.25,NP,1735828154
432,iquitos,-3.7481,-73.2472,27.02,89,75,1.03,PE,1735828155
433,oranjestad,12.524,-70.027,29.39,71,40,8.75,AW,1735828156
434,puerto colombia,10.9878,-74.9547,29.05,71,57,3.51,CO,1735828158
435,doctor arroyo,23.6667,-100.1833,10.79,88,74,3.05,MX,1735828159
436,vera,-29.4593,-60.2126,32.84,30,2,2.59,AR,1735828160
437,chilliwack,49.1747,-121.9443,4.03,83,100,4.63,CA,1735828162
438,zaozersk,69.4005,32.4476,-17.11,100,96,3.57,RU,1735828163
439,razole,16.4833,81.8333,20.26,83,56,1.54,IN,1735828164
440,nogliki,51.8333,143.1667,-17.47,95,100,5.42,RU,1735828166
441,kristiansund,63.1115,7.732,-1.6,86,75,7.2,NO,1735828167
442,lewiston orchards,46.3804,-116.9754,3.26,92,100,2.06,US,1735828168
443,hays,30.0502,-98.0336,9.34,77,33,1.07,US,1735828170
444,sola,-13.8833,167.55,27.93,75,100,4.39,VU,1735828171
445,mogocha,53.7333,119.7667,-26.83,97,64,1.16,RU,1735828172
446,mincivan,39.0294,46.7185,7.7,41,0,1.23,AZ,1735828174
447,vernon,50.2581,-119.2691,-0.26,93,100,0.51,CA,1735828176
448,okahao,-17.885,15.0667,32.59,27,97,2.87,NA,1735828178
449,kiruna,67.8557,20.2251,-22.49,77,0,3.09,SE,1735827526
450,tubarjal,30.4999,38.216,12.65,37,0,0.46,SA,1735828180
451,horqueta,-23.3428,-57.0597,33.91,41,100,1.76,PY,1735828182
452,east london,-33.0153,27.9116,24.52,73,75,5.66,ZA,1735828183
453,kabwe,-14.4469,28.4464,24.06,66,62,2.53,ZM,1735828184
454,horta,38.5333,-28.6333,18.9,93,75,11.62,PT,1735828185
455,ulsteinvik,62.3432,5.8487,-2.05,88,100,3.13,NO,1735828187
456,obuase,6.206,-1.6619,38.32,23,60,1.09,GH,1735828188
457,buwenge,0.6422,33.1744,30.17,31,16,1.46,UG,1735828189
458,lisala,2.15,21.5167,37.51,12,91,2.14,CD,1735828192
459,nampula,-15.1165,39.2666,31.97,48,75,3.6,MZ,1735827982
460,hafar al-batin,28.4328,45.9708,15.32,25,0,5.14,SA,1735827958
461,fortuna,40.5982,-124.1573,13.29,93,100,4.92,US,1735828196
462,dunfermline,56.0716,-3.4589,2.14,78,40,3.09,GB,1735827919
463,rodino,52.5,80.25,-5.13,92,100,8.02,RU,1735828199
464,byron bay,-28.65,153.6167,21.27,79,52,2.71,AU,1735828200
465,visby,57.6409,18.296,0.12,74,20,7.2,SE,1735828013
466,shushtar,32.0455,48.8567,15.99,35,0,2.11,IR,1735828203
467,las lomitas,-24.7096,-60.593,31.17,52,93,1.9,AR,1735828204
468,le port,-20.9373,55.2919,25.5,99,38,1.42,RE,1735828205
469,bandundu,-3.3167,17.3667,31.54,54,78,1.42,CD,1735828206
470,ponta delgada,37.7333,-25.6667,19.4,94,75,6.69,PT,1735828208
471,svetlyy yar,48.4748,44.781,7.43,70,15,9.76,RU,1735828209
472,uturoa,-16.7333,-151.4333,27.76,79,89,5.62,PF,1735828211
473,taulaga,-11.0553,-171.0883,27.53,76,100,1.39,AS,1735828212
474,siwa oasis,29.2041,25.5195,17.1,42,4,3.54,EG,1735828213
475,prado,-17.3411,-39.2208,27.23,70,100,3.1,BR,1735828216
476,yelizovo,53.1873,158.3805,-3.92,42,75,5.0,RU,1735828217
477,alofi,-19.0595,-169.9187,24.94,94,20,2.06,NU,1735828218
478,carupano,10.6678,-63.2585,26.56,84,54,4.94,VE,1735828220
479,torrevieja,37.9787,-0.6822,16.91,63,0,1.34,ES,1735828221
480,cold lake,54.4502,-110.2017,-21.03,84,100,2.57,CA,1735828222
481,wau,7.7029,27.9953,33.38,14,77,3.01,SS,1735828224
482,loreto,22.2667,-101.9667,10.69,60,23,1.98,MX,1735828225
483,shindand,33.3029,62.1474,1.28,85,100,2.24,AF,1735828226
484,kualakapuas,-3.0091,114.3876,24.55,94,100,1.23,ID,1735828077
485,revda,56.801,59.9303,-6.38,83,99,4.15,RU,1735828229
486,cabo san lucas,22.8909,-109.9124,19.31,80,6,1.29,MX,1735828230
487,malinao ilaya,14.0,121.8333,25.26,90,71,4.17,PH,1735828232
488,kapuskasing,49.4169,-82.4331,-8.95,92,100,4.12,CA,1735828233
489,cogealac,44.55,28.5667,10.03,61,1,4.5,RO,1735828234
490,saint-denis,48.9167,2.3333,5.34,95,100,2.57,FR,1735828236
491,haimen,23.1935,116.6142,14.95,79,4,7.19,CN,1735828237
492,lodja,-3.4833,23.4333,31.5,46,96,0.89,CD,1735828238
493,altenkunstadt,50.125,11.2503,1.92,99,100,1.71,DE,1735828240
494,cukai,4.25,103.4167,25.17,86,25,3.18,MY,1735828241
495,igarka,67.4667,86.5833,-18.77,95,95,4.93,RU,1735828242
496,warrenton,-28.114,24.8475,32.12,27,100,7.12,ZA,1735828244
497,binhe,32.6883,112.8275,2.01,61,38,3.0,CN,1735828245
498,soligalich,59.0778,42.2864,-2.48,85,100,7.13,RU,1735828246
499,kaba,47.35,21.2833,9.43,73,100,6.59,HU,1735828248
500,fuglafjordur,62.244,-6.814,1.85,56,100,14.66,FO,1735828249
501,bairnsdale,-37.8333,147.6167,10.59,87,31,0.45,AU,1735828250
502,dubbo,-32.25,148.6167,20.07,68,0,7.2,AU,1735828251
503,la plata,-34.9215,-57.9545,30.93,20,30,7.27,AR,1735828253
504,thinadhoo,0.5333,72.9333,27.24,78,100,6.42,MV,1735828254
505,kiunga,-6.1219,141.2906,22.97,99,100,0.93,PG,1735828255
506,altamira,-3.2033,-52.2064,28.05,89,75,2.57,BR,1735828257
507,zhengjiatun,43.5064,123.5064,-10.3,46,0,2.97,CN,1735828258
508,scottburgh,-30.2867,30.7532,24.8,78,100,3.65,ZA,1735828259
509,balqash,46.8481,74.995,-3.67,93,75,4.0,KZ,1735828261
510,vilyuysk,63.7553,121.6247,-51.31,100,62,0.91,RU,1735828262
511,katsuren-haebaru,26.3369,127.8719,19.01,81,75,3.6,JP,1735828263
512,grand falls-windsor,48.9332,-55.6649,5.28,92,100,3.58,CA,1735828265
513,naberera,-4.2,36.9333,24.29,53,74,6.73,TZ,1735828266
514,baise city,23.8997,106.6133,19.01,54,100,0.54,CN,1735828267
515,carolina beach,34.0352,-77.8936,4.45,65,0,5.69,US,1735828269
516,sicuani,-14.2694,-71.2261,12.22,68,100,1.64,PE,1735828270
517,saynshand,44.8824,110.1163,-12.11,44,0,3.89,MN,1735828271
518,taroudant,30.4703,-8.877,20.56,24,3,1.4,MA,1735828273
519,karasburg,-28.0167,18.75,38.02,9,0,1.9,NA,1735828274
520,shitanjing,39.2342,106.3439,-6.24,49,2,1.35,CN,1735828275
